Timestamp,Th_i,Tc_i,mdot_h,mdot_h_outlet,mdot_c,U,Th_o_true,Tc_o_true,Th_o_measured,Tc_o_measured,energy_mismatch
2026-01-01 00:00:00,79.24222924466693,19.903684160228707,1.5015411579329976,1.504546365749267,0.9915310504107888,850,53.0427094734254,59.57935265119544,53.05466096685593,59.55803822270931,0.0
2026-01-01 00:01:00,79.07023251477882,20.470527062000595,1.5230437705136883,1.525260950100429,1.0070108022499302,850,53.23044715324399,59.55166108595208,53.08434594643769,59.706496406648384,48.18121054125368
2026-01-01 00:02:00,80.24899092575825,20.71450271167881,1.495318523922028,1.493561404076554,1.0157067480277917,850,53.54125128949836,60.03350683145182,53.291186920733395,60.15874368619615,97.7861311067827
2026-01-01 00:03:00,80.71821263219182,19.625929297517335,1.473626605954684,1.4713835694471014,0.9780130912327268,850,53.60074684895673,60.48532005871108,53.76623260595373,59.82787910833311,146.76896457988187
2026-01-01 00:04:00,79.87114263598507,19.606406179563205,1.4924498621313185,1.5082182459923434,1.017070229712026,850,52.780987357463104,59.35852685857833,52.70518791722989,59.592040907400026,197.99200642987853
2026-01-01 00:05:00,79.66732897882756,19.63146504102169,1.4784031906160338,1.474159225012709,0.9946996517422256,850,52.83041705030475,59.51865727228177,52.76632024175783,59.55655054863747,242.86887285322882
2026-01-01 00:06:00,79.40482695067666,19.112466041818784,1.5174878017019424,1.5116373251310329,0.9988808666311708,850,52.86950318124352,59.42461084256077,52.84700829421453,58.841167235094666,295.78576612475445
2026-01-01 00:07:00,80.16553344782926,19.76747162242757,1.4874705956829908,1.496814537131618,0.9851160745177668,850,53.420992470640286,60.15024409731725,53.5106602493292,60.06809233122121,340.92433229796006
2026-01-01 00:08:00,80.17551593334753,19.402174476360685,1.511272722816846,1.496095917772779,0.9988956646329074,850,53.35276627643478,59.98347975445922,53.395847796109436,59.759701787861715,397.0201488507446
2026-01-01 00:09:00,79.36985390225219,19.76588136382704,1.4594346570893226,1.4614540564137555,0.967278805234333,850,52.8990751010992,59.70511271418103,52.643790061185314,59.29931373722758,425.66731539266766
2026-01-01 00:10:00,80.00737934063704,20.543083034129733,1.486520620199007,1.4870755332415933,0.9838744528525908,850,53.68303037186402,60.31613277837235,53.738130178952915,60.29479534541728,479.0766434606048
2026-01-01 00:11:00,79.7473239972473,19.807500477556,1.4959221517743817,1.501007010766685,0.9960278803450356,850,53.14853113202281,59.755903773018055,52.99573034137986,59.95425335544863,535.8460415082518
2026-01-01 00:12:00,80.19821496022796,19.86921172489162,1.4482829081122668,1.444461893010368,1.0044780827236426,850,52.70727449050592,59.50637245046243,52.70714746992756,59.53317642791736,584.9256544726377
2026-01-01 00:13:00,80.19213274423917,20.993599901329315,1.4835589432949368,1.491065494173867,0.9673596536128912,850,54.19380006365893,60.86507770690095,54.20187403730067,60.624027508383996,613.8610471479769
2026-01-01 00:14:00,80.21835103398953,19.840580707191013,1.4950279653168377,1.4957556734295903,1.018246000822776,850,53.09236678434789,59.667994718333006,52.81294103474181,59.52089350414655,695.0871794380073
2026-01-01 00:15:00,79.81255884011777,20.330588656644256,1.485833715568719,1.4996204631902776,1.000122836130673,850,53.23548251831296,59.81485462237123,53.12198035567023,60.237018763202514,725.1787882348872
2026-01-01 00:16:00,80.37235051684836,20.318174918690104,1.5032337304650392,1.5018310378936963,0.9796014615976436,850,54.05340299373879,60.705547965840296,54.09270125421222,60.785499645321636,774.9816756878572
2026-01-01 00:17:00,79.57914851793561,20.496868296159665,1.4724627309679956,1.4703094080191592,1.0075731997929251,850,52.9114108154794,59.46897463460435,52.67011279795713,59.29402787181616,817.2516919808695
2026-01-01 00:18:00,79.82493109835079,19.173725331069303,1.4938341850105177,1.4798507455294332,0.9977555228560122,850,52.85928363019259,59.546547215905136,52.68066049272901,59.47768949220793,887.6917263914365
2026-01-01 00:19:00,79.58630987252913,20.31324663644048,1.4981773992327176,1.499112090442869,1.0004877399960177,850,53.24643670040473,59.7558116050927,53.457772553183204,59.717911540922344,917.924459613947
2026-01-01 00:20:00,79.71910849228568,20.22309884214907,1.4960437976415697,1.4947481765126822,0.9995960184337236,850,53.26723715602475,59.81225017813932,53.596181686715454,59.9006208697518,968.9628489563183
2026-01-01 00:21:00,80.7123727304498,20.11903916534419,1.5377367378336106,1.5347480889147327,1.022345304801702,850,53.95053919512878,60.372224078276126,54.23753400820359,60.07903181962938,1058.0192529260821
2026-01-01 00:22:00,78.86867985619973,19.53269609056732,1.4997945629891312,1.4928648875693944,1.0216411288182763,850,52.22080570158069,58.65243749971062,51.926866446331836,58.67679249881083,1076.4489668232272
2026-01-01 00:23:00,80.1279876159624,19.910954279281267,1.4802718072977352,1.4624680884854862,1.0233473280114596,850,52.81894660749072,59.41347935816208,52.8595751762261,59.455158700600705,1138.28804402292
2026-01-01 00:24:00,79.99334236476913,19.907317882872785,1.4759595946419493,1.4598910041793485,1.0296919644813711,850,52.60025900838147,59.17254049442451,52.463061487930354,59.19129098295353,1187.9633712679497
2026-01-01 00:25:00,79.73505358070585,19.787848535794257,1.531659017452531,1.5219811745029883,1.004381393615163,850,53.4410548024953,59.88560481597791,53.629425930408864,60.020494496820575,1232.636887195753
2026-01-01 00:26:00,80.29823507946186,20.24594545652699,1.5142617200329382,1.5085295634640092,1.0246678076539335,850,53.46181263242728,59.905010482898746,53.71074493129078,59.98507148990003,1293.5265055170166
2026-01-01 00:27:00,79.77428870627794,20.236328199725577,1.5124406680866198,1.503398068318701,0.9581678699553384,850,54.11046417364527,60.745943621918734,54.06245301621496,60.515734723070054,1283.0391513997747
2026-01-01 00:28:00,79.00444966475399,20.16160874072701,1.5166695532659016,1.4971508832001985,1.0022911872753164,850,53.04916656882132,59.437208604087886,52.89397728392906,59.310121862903735,1349.4325783963723
2026-01-01 00:29:00,80.04849424076002,19.416337701117705,1.547955677934434,1.5297279589115456,0.9891418304376484,850,53.86971752494979,60.38476589981843,53.87898846463313,60.26334635760468,1438.7399043589248
2026-01-01 00:30:00,79.74596976123982,19.329298536972352,1.4908535787443613,1.4659933143995487,1.0169049075681147,850,52.570148343348,59.1709497225016,52.708240823705914,59.265491889546745,1488.0425425474823
2026-01-01 00:31:00,79.20287300033453,20.087306928248942,1.4791553415430612,1.468134872010461,0.99933490077603,850,52.71973215054085,59.286057235468434,52.82678996011539,59.19908844293058,1486.6933238253405
2026-01-01 00:32:00,79.97721524016409,19.80705940032936,1.4928829261734815,1.4791307039801647,0.9985387898838768,850,53.20236550484295,59.837267966758624,53.32865736131361,59.77015517974628,1565.9546922394074
2026-01-01 00:33:00,79.82381133705545,20.30054821783181,1.462526608128939,1.4457473400328713,1.0051525764030191,850,52.86863348274397,59.521126032847846,52.75630439540441,59.36659983943557,1592.7086491643277
2026-01-01 00:34:00,79.06780871715553,19.120009610326083,1.5375222070800918,1.5274007261606504,1.003193281600076,850,52.85976691060664,59.28719077144972,52.76416872968957,59.379630292308185,1677.3021664786502
2026-01-01 00:35:00,80.9170428716223,19.95620660759864,1.4556984925081211,1.4337763250494586,0.9797573086049584,850,53.60469943548033,60.5361918934106,53.994618065040726,60.712921317791476,1703.628364543023
2026-01-01 00:36:00,79.91984508843926,19.33244117070264,1.4897337444845864,1.4747196970302279,1.0083601443896764,850,52.77687542826811,59.43299259893526,52.772843001233106,59.36550673382591,1782.1528033638024
2026-01-01 00:37:00,78.71680836974139,20.250872826766628,1.543162007773452,1.5302952928746882,1.0155714578303463,850,53.04978444472117,59.25194544288982,52.814333303232985,59.43292720398282,1794.176577957085
2026-01-01 00:38:00,80.18598650790517,19.827172746302267,1.518831215606008,1.489628777732477,1.0259721826135308,850,53.24959052711228,59.70334068229334,53.046164046132446,59.84990637736765,1903.3077658844995
2026-01-01 00:39:00,78.9727418616733,19.67466572365683,1.5528430285114585,1.5338246388971395,1.0154946601336037,850,53.05360355850905,59.3088999536996,53.01007584744929,59.38283305436194,1921.7157235328923
2026-01-01 00:40:00,79.36523225435485,20.72213137324721,1.4622971807170129,1.4686941845144181,1.0011382235101298,850,52.86296290265464,59.43226434541214,52.72200065773282,59.53100028721149,1897.8204339559306
2026-01-01 00:41:00,80.27280601659344,20.10873188302214,1.5200886909576217,1.500094131724134,0.9793417575481462,850,54.111739615271816,60.71472144033496,54.05234822278817,60.687692667569394,1996.110819583584
2026-01-01 00:42:00,79.73658201349595,20.36492153702184,1.514226900812974,1.496374186478874,0.9765349950519306,850,53.89223642689909,60.439474440321455,54.17357491414852,60.36077611478619,2012.251261314057
2026-01-01 00:43:00,80.67978359463024,20.69078268683509,1.5052984138947143,1.4870164395819696,0.9556519304311744,850,54.77478038705012,61.495137283507184,54.78412544402918,61.645431888710874,2052.8212317636353
2026-01-01 00:44:00,79.04348853826183,20.002763267571247,1.5292717739982649,1.5086884034285455,1.005132006035507,850,53.108653681024535,59.46167082630463,53.597337369547134,59.42835686948609,2136.472253664746
2026-01-01 00:45:00,79.39121962958872,20.031275981826,1.494927750717169,1.460887717340847,1.0181044656966127,850,52.72329066540564,59.18897384678301,52.55089743017977,58.83238169479425,2196.334219810582
2026-01-01 00:46:00,79.82623633315674,19.686083882453318,1.5459556814092823,1.5263819931873317,0.978970102483386,850,53.98573021567671,60.492516215240045,53.978083139782925,60.304885514370895,2249.739884423936
2026-01-01 00:47:00,80.46120390138144,19.94160123093143,1.490478469951349,1.4672766957855043,0.9973744384030608,850,53.51831620866584,60.20510957651139,53.7573411906551,60.344354500442996,2310.7029915527382
2026-01-01 00:48:00,79.63669039302421,20.17926872597194,1.468376637518482,1.4621797559690448,1.0133663948905385,850,52.66635393667394,59.25951863182709,53.108305527621745,59.14996549222569,2327.241692196578
2026-01-01 00:49:00,80.32196667699365,20.893521256019703,1.483820470588648,1.4750041358509147,0.9733070361585312,850,54.13700413895816,60.812870435784056,53.978596367434704,60.866547017489935,2330.8043289900816
2026-01-01 00:50:00,80.34838111832889,20.01571369511681,1.491826775156528,1.4686475867450217,1.0089012022157835,850,53.33751926782519,59.95572649333432,53.225602391409126,60.436196098360746,2466.625769731967
2026-01-01 00:51:00,79.66364891762093,19.82796869867083,1.4619277124679595,1.4370238855569542,1.0198073231953733,850,52.348999769559136,58.98442662718559,52.3703058100503,59.100787069038766,2493.263171946892
2026-01-01 00:52:00,80.26837942555109,19.740626567925805,1.5449150815171515,1.5104608952474161,1.017849312957937,850,53.68462674186314,60.09005739379188,53.46501044206269,60.42650359989341,2614.572356857301
2026-01-01 00:53:00,80.18746115832627,19.88313509572153,1.4846680960760517,1.4591690331440783,0.9537243522003664,850,53.9261433950966,60.76427706722399,54.34607743040774,60.60685870310662,2529.8698612500157
2026-01-01 00:54:00,79.77016242870016,19.239292920849184,1.4632209420948288,1.4439430483996631,1.0090785677154137,850,52.31007754335214,59.05796766181816,52.26298626319955,59.174613579668325,2656.3296160184545
2026-01-01 00:55:00,79.70220182541816,19.26489680687081,1.4813942603906076,1.4518540378100184,0.9863863261435236,850,52.84631139031906,59.59814240626899,53.0444401140662,59.620047774049404,2678.8557248239813
2026-01-01 00:56:00,80.73095826949253,20.379366017306328,1.476700443406893,1.4575503480177656,1.0081592933656105,850,53.53475855478912,60.21497576863223,53.16255057693625,59.94912087549283,2753.373161905736
2026-01-01 00:57:00,80.7488066947418,20.28857187733352,1.5537032136727649,1.5143857632629993,0.9702147296419588,850,54.991548067211895,61.536281567086576,54.96285987568648,61.3505829589525,2792.6658819221193
2026-01-01 00:58:00,79.53668349697094,20.920124550964783,1.5034268152697532,1.4889422618568542,0.9709242352648478,850,53.97657577458884,60.49865185029671,54.073822618062344,60.7262708734597,2728.659759948787
2026-01-01 00:59:00,80.93073437849706,19.7474539396109,1.5034655547608888,1.4772604824193751,0.9992845449907196,850,53.82523308154464,60.52881871581991,54.192058654262325,60.43344422828814,2943.6038261741924
2026-01-01 01:00:00,79.27245784256809,20.714679939604075,1.5369619784492532,1.5158709236548014,0.9937908614458556,850,53.79793949014479,60.11267366840383,53.61169724526772,60.027432493252185,2876.0522833694413
2026-01-01 01:01:00,80.50908819998834,20.163626544054573,1.504891519483767,1.4612164131529866,0.9492640366859764,850,54.54377499417174,61.32707331339591,54.48291605484947,61.45418129241012,2918.13255931795
2026-01-01 01:02:00,79.3612215714883,20.394730873043567,1.5083108277770587,1.4861907282153843,0.9854401982065324,850,53.49412425787243,59.986806609650216,53.691324457040025,59.84345283528257,2961.4653525746835
2026-01-01 01:03:00,80.06637886879916,19.56296565613897,1.492759222528927,1.455301873336399,0.9751641707055346,850,53.48950662301115,60.24623965519257,53.89516807106186,60.203547101436904,3059.9237331421173
2026-01-01 01:04:00,79.98312066791276,19.849868930665732,1.4943082565535364,1.453684074925591,0.9868461356355503,850,53.41378094216856,60.08185879176599,53.107298066530895,59.717472043865875,3110.8376950504025
2026-01-01 01:05:00,79.95737363619018,20.078564521661388,1.461199351918893,1.4263978853707506,0.985310725436952,850,53.11575160964732,59.884241753321646,52.88417672616835,60.0206616339632,3121.102308521251
2026-01-01 01:06:00,80.02642917165217,20.158838257424943,1.4849367011935604,1.4543149366880745,0.9866842707746036,850,53.46268671815172,60.13664803774032,53.35759484047549,59.91328421713554,3187.260485625913
2026-01-01 01:07:00,78.920417860136,19.881305441536306,1.5703707090091008,1.550835376834907,1.0072717896418837,850,53.42842357004935,59.62418473096017,53.41315676636577,59.66243479090024,3283.6527380311745
2026-01-01 01:08:00,80.86686399633206,20.31515578968026,1.4626135528996846,1.4237270432613427,0.9919279330511168,850,53.642481000537146,60.45794259123854,53.53173993140894,60.21947133470461,3314.91939590298
2026-01-01 01:09:00,80.6514813322912,20.246267229416578,1.4516681265676563,1.4210749786758388,0.976761088280916,850,53.582459448912815,60.4764082095633,53.55625557904215,60.329292440661106,3319.444533312635
2026-01-01 01:10:00,79.85836076012515,20.24559625284424,1.5356560145593927,1.519330473719841,0.9889312482216764,850,53.97982840778268,60.43092149795817,54.11221189981227,60.227844350322194,3405.7130108574347
2026-01-01 01:11:00,80.47889411561977,19.883151737036595,1.5134451574686585,1.4773072922840185,1.0468022246804465,850,53.07965049991463,59.496415437494974,53.231142269609514,59.248558512296995,3604.458515520557
2026-01-01 01:12:00,79.46225501633202,20.169022210257737,1.5195955380928292,1.4763302780824972,0.9932050460498464,850,53.47295243590647,59.93244104953039,53.431769658771096,60.19789336608678,3481.220660938212
2026-01-01 01:13:00,79.99351826481653,19.84790592827495,1.4611382735339196,1.4284283979988204,1.0022713831598815,850,52.781080245405605,59.51893253284099,52.626066630093604,59.6970366296826,3553.514163599524
2026-01-01 01:14:00,79.25741769831505,18.90494385249273,1.5144588649346034,1.474837418446311,0.9941204230202928,850,52.72865744406708,59.3192791909696,53.01034747731926,59.30209192632995,3639.8423791202076
2026-01-01 01:15:00,79.98310230540528,19.798899069102426,1.5003056683540192,1.4492557101011068,1.020320561739878,850,52.97929095416959,59.5059997163108,52.84550799605655,59.084851527355426,3719.99622931052
2026-01-01 01:16:00,79.16309084710156,20.690328835981887,1.468930095025321,1.4361630780640549,1.009175667166415,850,52.70497319129184,59.20208307938932,52.486413148644004,59.19934605570288,3616.180376479315
2026-01-01 01:17:00,79.37249013880414,20.276148674309347,1.536497454047318,1.5093849738508591,0.9721726555967488,850,53.9709310534352,60.42275292079936,54.0981254062324,60.03617573211464,3679.2505574931856
2026-01-01 01:18:00,80.45241823142672,19.89751493115544,1.418327356992266,1.3846349561674383,1.012034871897579,850,52.35847804839311,59.27007514006242,52.536308373528946,59.168147852236324,3805.0481487531506
2026-01-01 01:19:00,80.70883146690517,20.960131312552583,1.525835008994907,1.4814538543695,0.9690615893083272,850,54.94842377282592,61.52115688540894,55.05365076614699,61.71331101542043,3801.577244564396
2026-01-01 01:20:00,79.78866877119926,20.63967289115582,1.502816829416649,1.469742022676442,1.003012586329885,850,53.523454532901226,59.99292381094638,53.41577664935745,59.64593074476164,3865.924830584583
2026-01-01 01:21:00,80.12069536585187,19.859369321999168,1.51341493483955,1.4644505361559306,0.996252145678079,850,53.58829179022644,60.16496465018933,53.80221935549765,60.49545178677849,3981.952267188026
2026-01-01 01:22:00,79.1278650450436,20.124130546850573,1.4615856023905496,1.4240539310758171,0.9747025985441616,850,52.83947574846521,59.54408424688778,52.66110361878527,59.710477444069845,3857.256388155307
2026-01-01 01:23:00,80.53822976334791,19.807109288430585,1.5460406797659858,1.518039276875602,1.0216590462793491,850,53.824434396060624,60.23215568642193,53.723387649604916,60.02254557234544,4196.729957955482
2026-01-01 01:24:00,78.86791153585845,19.3336615019806,1.505844082491892,1.4770133855208374,1.002354684419804,850,52.4774272565477,58.98026085827352,52.44710637523102,59.07774111898014,4086.7970702882158
2026-01-01 01:25:00,79.9209086247465,20.46348803413597,1.4558255687587962,1.4106943547248423,1.005775177064687,850,52.9030263603119,59.57095927743248,52.712403548207476,59.435963185852586,4093.1342953344283
2026-01-01 01:26:00,80.81516847113465,19.93660293793805,1.4713856025438743,1.425195485955733,0.9912869277539276,850,53.564312594775686,60.38555456925229,53.37234119379812,60.79439387659834,4221.6431590667635
2026-01-01 01:27:00,80.26334741874294,20.47042908928509,1.474017560389914,1.4279879135604079,1.034413624183874,850,52.91366714581192,59.44314566110771,53.14555666832945,59.79654996456463,4293.886736889195
2026-01-01 01:28:00,80.10144512228439,19.62569477500194,1.478541613576189,1.444133253543399,0.9995256715729156,850,52.99850776922642,59.71753219983129,52.822978935631454,59.486119583182266,4317.267976260395
2026-01-01 01:29:00,79.76985238931897,20.182577726147112,1.4734956089421978,1.4309232101226794,0.958296964596382,850,53.61549901819258,60.3980080894364,53.49692515114236,60.2624910185111,4199.129425408697
2026-01-01 01:30:00,79.2493114607471,20.380505784501747,1.5496823274277631,1.517916747721533,1.0476750856002934,850,53.04487002868484,59.14114860738131,53.117188138859035,58.88793887988408,4474.417629460018
2026-01-01 01:31:00,79.19925066592258,19.945600165653172,1.495577928559868,1.464446656379235,1.0285973252331158,850,52.44060252440871,58.85260738490472,52.46939074019484,58.965367684133234,4458.523184836929
2026-01-01 01:32:00,80.4185754518069,19.216857844407595,1.4684547010200786,1.4168643867295159,0.956617250689086,850,53.51863004329269,60.50960190046756,53.32419536642393,60.21280500686602,4449.141320954426
2026-01-01 01:33:00,79.9987570589867,20.4113174425888,1.5027225463167555,1.465738971658984,0.9742755814205336,850,53.95704042977712,60.578058218794034,53.97139516632253,60.628086476236234,4455.616265611199
2026-01-01 01:34:00,80.41038905492671,19.753777627111017,1.5518724916416138,1.5079156761394972,0.9893731989321392,850,54.26366377108924,60.76598996345989,54.23159934539383,60.68248498703235,4669.577775050304
2026-01-01 01:35:00,80.26621515164092,19.951406216435213,1.4729200185665092,1.436850866928151,1.018995472562482,850,52.88302341385132,59.53279040198882,52.7386833353984,59.50613440702597,4690.976510079403
2026-01-01 01:36:00,78.76273339386789,19.722157851485584,1.465241227709396,1.4231961965965667,0.9905211631211442,850,52.27050079503184,58.91113519303675,52.25195843219417,59.34464809526459,4562.210747798003
2026-01-01 01:37:00,79.99090188123883,19.91296711064281,1.4816090096178278,1.4355523881338934,1.024086573624987,850,52.75107909173677,59.32249351665775,52.706574038172384,59.0154469028934,4792.763987133309
2026-01-01 01:38:00,80.2290435789068,19.66862689947548,1.5495994796729935,1.5276251937018384,1.014889411532353,850,53.72848151317579,60.13141695469477,53.79830049084875,60.16364473629696,4926.937392540945
2026-01-01 01:39:00,80.12578691596863,20.026728828375315,1.5352064035086723,1.491266746621623,1.0029562377228347,850,53.827664795437045,60.28077378188023,53.66709487054268,60.3434742063512,4893.314467064716
2026-01-01 01:40:00,80.37182427636697,19.32470895614764,1.4192752910404964,1.3798915030921357,1.0281024197083608,850,51.82680325975004,58.730552415409576,52.19423090233074,58.81271558035146,4959.905818013591
2026-01-01 01:41:00,79.74405798922064,19.57074123940212,1.4876715979536856,1.4490025307724976,1.0025680581342906,850,52.84511362072564,59.48503456569731,52.74439020855019,59.24472903467599,4948.118628570897
2026-01-01 01:42:00,79.13659624643388,19.875565878633065,1.52579537468086,1.4738967429249055,0.9799096500659232,850,53.42670292213009,59.90786509634359,53.34658975591063,60.03358386993173,4898.613345233636
2026-01-01 01:43:00,80.15386396276548,21.066506471202707,1.4435909982740018,1.3954749626694478,1.0094064992239886,850,53.0993178901978,59.75825177180578,53.07123624365432,59.79657242128495,4924.90732438679
2026-01-01 01:44:00,79.99849682598398,19.780502356079023,1.4772940431764197,1.4353330995530427,1.002947523553207,850,52.94561457946116,59.628112380534205,53.08686238121439,59.60447890252205,5088.505507958907
2026-01-01 01:45:00,80.1268802009695,18.69424584061651,1.533674184641674,1.4885900352858399,0.9698853747450632,850,53.72216013150944,60.4478783601968,53.67583792065393,60.25033744656969,5205.715085464064
2026-01-01 01:46:00,80.55723140344006,20.608073669238376,1.4886559127395955,1.459636847871224,0.981996003050503,850,54.07215837225273,60.7580950998137,53.943760726515634,60.98905408481516,5116.5566581111925
2026-01-01 01:47:00,80.25105096693207,20.80907686002618,1.4728490786182142,1.425092391983582,0.979097004103549,850,53.8405354994497,60.53823873988378,53.886221169223546,60.17547084661172,5095.599936882005
2026-01-01 01:48:00,80.36831110288857,19.88294868169503,1.519074465337959,1.482289205643365,1.030950007956953,850,53.30829057558896,59.755091750981705,53.746621391672576,59.671627076842086,5435.097779617121
2026-01-01 01:49:00,79.93586749663775,19.94225086997736,1.484481742763633,1.442081271047561,1.0000971096396063,850,53.11393462594226,59.7550543151623,53.02229191939989,59.890296997833865,5313.342978597531
2026-01-01 01:50:00,80.82181647388428,19.467740612719705,1.4960771490505178,1.4414874505263873,0.9582429166411608,850,54.17375076356221,61.07260038601554,54.168551233907614,61.29592662258915,5368.9429129044875
2026-01-01 01:51:00,80.73618971086586,19.13927390283566,1.4850606385204552,1.4371969490233083,0.9968114484301304,850,53.253931101597615,60.08264446959623,53.02212503828841,60.21027752043149,5546.206161022972
2026-01-01 01:52:00,79.26707158986687,19.65505558523689,1.471366494326454,1.414217417063808,0.9897112697929058,850,52.6060232992394,59.29103261786906,52.247900901216006,59.01472454942047,5378.888318870944
2026-01-01 01:53:00,79.29825445952349,20.12146170126308,1.4848432598727352,1.4300246044218796,0.9706864844142024,850,53.27538551729636,59.9282192608228,52.966498362618964,59.82672245731465,5345.52851732116
2026-01-01 01:54:00,80.50711431607043,21.051912184316063,1.488126971845543,1.440708994739969,0.9836392626699548,850,54.20970333485363,60.83670733841787,54.35679940229255,60.55728072192701,5461.7806444020825
2026-01-01 01:55:00,79.82025505544121,20.29924962229129,1.4759932424958648,1.4352682465791717,0.9918924223482902,850,53.2248583549477,59.8747367688616,53.32141020502937,59.632710394016,5526.689974596811
2026-01-01 01:56:00,80.08325180145403,19.74007401141424,1.522368184971343,1.4944125076548642,0.9992458237173096,850,53.57887398005352,60.11994911327428,53.70621571023141,60.18383547318808,5730.225634915783
2026-01-01 01:57:00,79.98738327302127,19.8520403083614,1.4579053293891702,1.4047601430868437,0.9673167011575184,850,53.26092538916196,60.133207105075954,53.603752285667234,60.06311184780523,5581.269719768083
2026-01-01 01:58:00,79.7423934101037,19.56128496665472,1.491457731439886,1.4381288063976405,0.974100947023932,850,53.3072116905858,60.03651115142576,53.35154489867543,59.80143914136631,5695.759957581555
2026-01-01 01:59:00,79.79508442780255,20.15535988647881,1.4727113862697752,1.4198369827786457,0.9970817593832302,850,53.0305085753953,59.68721896983351,52.91837352892467,59.61423796657094,5742.505134400388
2026-01-01 02:00:00,80.04989933731618,20.078542560055315,1.493673366431688,1.4434634410557134,1.0301277264315851,850,52.9222971304209,59.413254044771406,53.078815452493416,59.338114166888396,5952.846890878049
2026-01-01 02:01:00,80.42059948362882,20.51997689778153,1.4561881524514049,1.4141230849088833,1.0011215755888898,850,53.273608970715415,60.00681538326896,53.23890395583219,60.144549169870984,5855.998753764783
2026-01-01 02:02:00,79.32811905001029,20.55626531672439,1.4762695005195725,1.4098578289474033,0.9720062300820989,850,53.36093244891285,59.99486602431736,52.99373919807441,60.016290792478536,5725.6763803527865
2026-01-01 02:03:00,79.98368723924195,20.084742229198337,1.477470490132203,1.4255269654819342,0.9772357705905284,850,53.45483509267029,60.19338065936415,53.231553063756074,60.23862101503526,5902.266391338751
2026-01-01 02:04:00,80.49047198037749,20.3211026486605,1.4845541254820716,1.4314946164852465,0.9625088551255592,850,54.15176679919246,60.94538701587654,54.06463529226137,60.70782094292093,5935.927163345303
2026-01-01 02:05:00,80.21068576099934,21.05467914456485,1.542103017928874,1.496982380462252,1.0345423021895903,850,53.96735366104113,60.17335176549237,54.110531464152174,60.69040894804248,6193.252651402145
2026-01-01 02:06:00,79.91023054798094,19.483396853235515,1.4652950644812257,1.4061428059782468,0.9869305032884164,850,52.85019006936635,59.65942102703566,52.950257144838105,59.62870569308456,6116.464996199007
2026-01-01 02:07:00,79.83884590875552,20.224510157959237,1.5075650091996635,1.4469765846682685,0.9984082507882046,850,53.49027706687485,60.01001913902852,53.673802496548866,59.89484987114667,6176.084389788448
2026-01-01 02:08:00,80.04836479105344,20.20741841453605,1.509298796260203,1.4591789426525645,0.9676851338219362,850,54.07306036120448,60.721108599712935,53.972160451259086,61.1521955194831,6143.590530836547
2026-01-01 02:09:00,79.25738333209972,20.96970790873733,1.5097031263816791,1.4611683210916238,0.9955229826809564,850,53.56092715504869,59.93819070855271,53.59218133749883,60.12531262662222,6126.760715866956
2026-01-01 02:10:00,80.53301034414852,20.51238797256176,1.5064416215047864,1.440768777388092,0.992458857809422,850,54.07797387544464,60.6681765186451,54.01695222852147,60.41485450595343,6342.791623894824
2026-01-01 02:11:00,80.49542469069883,20.168901522965875,1.4664258194537347,1.404586506746284,1.0236527916710907,850,52.958537017659935,59.61665509692988,52.500421400689774,59.36344275871774,6476.23602593597
2026-01-01 02:12:00,79.58760718404002,20.5629752968734,1.5288274265609216,1.4513733237675694,1.030758639216346,850,53.29882604379566,59.55465393913933,53.118274182968975,59.704189018298116,6495.001684855117
2026-01-01 02:13:00,80.19107952506455,19.753442156511607,1.5153312980838167,1.4513957329406482,1.0157955707024824,850,53.32161008124929,59.83645608712209,53.35784518295844,59.57675347041056,6629.713275193091
2026-01-01 02:14:00,79.78384326320459,19.953409075902236,1.5440807537199002,1.4915173420183783,1.01550064286152,850,53.52956519105062,59.87334980562116,53.79339779456223,60.214655727022055,6650.454242157692
2026-01-01 02:15:00,80.28492102719377,19.40301790571603,1.50315623279987,1.4411064501468673,1.0154218656776686,850,53.07385532171117,59.68428857642945,53.02862390344694,59.5356937945195,6760.204944049241
2026-01-01 02:16:00,80.04846431661942,19.27837201909418,1.5079236741866977,1.4389798497961963,0.9490139744317102,850,53.94092705306025,60.76161101776832,54.152720563561836,60.57924117273653,6554.817362192116
2026-01-01 02:17:00,78.88940060966048,20.35970325930833,1.4809991249305126,1.4103336124331831,1.0222211790430369,850,52.36995955825167,58.78120126383091,52.3283797830479,58.65202700606976,6587.43216660383
2026-01-01 02:18:00,79.82056216028437,20.96227887460866,1.5315169012883858,1.461612745920739,1.013860206904259,850,53.87000694627628,60.16266728853515,53.60149887443578,60.06693136404732,6714.658891846077
2026-01-01 02:19:00,80.30754350816713,19.601136445620448,1.4823675110461023,1.423889773008888,1.008231138215318,850,53.02138114544682,59.71904101581973,53.22551898442136,59.81825437846292,6883.186994424905
2026-01-01 02:20:00,78.88117635050709,20.01421297490524,1.4991214273458218,1.4416498731794616,0.9996661723688286,850,52.744720981820464,59.20901756174055,52.812523113520854,59.16148169300674,6715.648491509142
2026-01-01 02:21:00,79.65731293805548,20.165846960952518,1.512551545809668,1.4473903732166973,1.013098758194474,850,53.21329935897347,59.64663132963137,53.38218525283637,59.78678094046262,6904.513590127754
2026-01-01 02:22:00,79.3007590475851,19.90101090893868,1.4930148238752508,1.4363183678691005,1.0285020131001106,850,52.44628104854653,58.88404957032607,52.725183299125476,58.906109223729025,6970.205780710705
2026-01-01 02:23:00,79.64798203346008,20.9150040828427,1.4626148062164348,1.3904414753309147,0.9793046561155708,850,53.4250858947952,60.07952343315277,53.46094761625979,60.22570137833836,6714.645340119023
2026-01-01 02:24:00,79.71136899477,20.525463908032616,1.4620513949580531,1.4155369159929256,1.05242028008706,850,52.24432085890391,58.683447749907046,51.847763570769125,58.63720775547743,7079.678580359236
2026-01-01 02:25:00,80.41055405492683,20.16092546891794,1.4647286208024104,1.4058961781158377,0.999660462065444,850,53.23450449680459,59.9799831376411,53.38557618193934,59.81236173670059,7066.232398541586
2026-01-01 02:26:00,79.7081446262166,20.019031634929163,1.5193415967235393,1.4561806235459935,0.9925745925197162,850,53.55144257227791,60.05729753771438,53.567551325224315,60.10358498994045,7103.423214314098
2026-01-01 02:27:00,80.04034677125996,19.92268739254016,1.4548458616163122,1.3940682890395943,0.9647396931253086,850,53.32282617400874,60.213218144560095,53.19429023974134,59.87157170774549,6995.308812674455
2026-01-01 02:28:00,80.13266594905909,20.550398646217797,1.5112056747159746,1.4484768637708654,0.9823598665246804,850,54.07505441175705,60.635923072236224,53.83130122484499,60.71816624765433,7135.038442511315
2026-01-01 02:29:00,79.7270474919699,19.673373752299028,1.534953888334341,1.4561621490832508,1.0058422363699502,850,53.40443276694008,59.84269490660643,53.44824214169138,59.88673868884808,7370.331974463741
2026-01-01 02:30:00,80.09360634139964,19.606340315730545,1.480689399650569,1.4172812953911196,1.0454953622336671,850,52.355067483645925,58.89122089207473,52.28828204537854,58.70746132690396,7542.498418759002
2026-01-01 02:31:00,79.22333537987392,20.29993902593474,1.4974329772139012,1.413658169177,0.9818052169899092,850,53.29902046259582,59.83927269114735,53.570673711959465,59.804492212464815,7176.423335408472
2026-01-01 02:32:00,80.05812657345922,20.609602752330986,1.4919308656505137,1.4228124415206942,1.0105842143689885,850,53.42041015390129,59.93500557548785,53.681496000668325,59.91130445799135,7395.468624017696
2026-01-01 02:33:00,80.485208890071,19.51209819824735,1.5032534990815785,1.4438696133942692,1.019451037861166,850,53.17644541909252,59.78082393270508,53.212484436796416,59.98079652486268,7689.570995342976
2026-01-01 02:34:00,81.03040161580869,20.40144894182238,1.5157967539774195,1.4492972973219644,1.0272318452909388,850,53.91867165118624,60.40787248046144,54.20499366759391,60.32395801909143,7748.102272235672
2026-01-01 02:35:00,79.47046259260722,20.396343128264945,1.4896252652152604,1.4280191311725396,1.000450609315449,850,53.11673286816388,59.63584307424093,53.359930956553015,59.3807556597944,7449.501918300346
2026-01-01 02:36:00,80.20836384286893,19.39280752647381,1.4780143668022685,1.4161915355920205,1.01900539096166,850,52.66198505017109,59.34739851304554,52.83337764491994,59.596058383170195,7775.784035139193
2026-01-01 02:37:00,80.14805452756464,18.668244421253853,1.4896168777901222,1.4103425364940454,0.9898691330240028,850,52.87952046394032,59.70363709955517,52.83786109120615,59.96353398096443,7807.508196131996
2026-01-01 02:38:00,79.9908055837124,20.2727870939014,1.4908501601916433,1.4163899559496578,0.9928497632314028,850,53.475125890700994,60.08838335214709,53.74201101421976,60.14909725929195,7646.633378960396
2026-01-01 02:39:00,80.6483409628145,20.19787443760297,1.474923338622114,1.4029843891185363,0.9816358729488592,850,53.77736890626094,60.571932588734,53.97451642189066,60.46089477334866,7714.830171209847
2026-01-01 02:40:00,79.53461692885249,20.1759619452002,1.4783417926127047,1.430019669920085,1.0019309991062308,850,52.89523494050383,59.48217340874473,52.81243144049351,59.41648726116254,7714.280093775131
2026-01-01 02:41:00,79.78490381959145,20.09685174585988,1.484577075241419,1.4181926040758952,0.988848324837334,850,53.264653556228005,59.91221531754937,53.12852749986591,60.10551175312278,7760.374230275076
2026-01-01 02:42:00,78.85307982325043,19.9214901094667,1.52535302915412,1.4534490514055889,0.978172830180374,850,53.306198992000255,59.75904320752311,53.25965981202759,59.81389387843368,7728.579637339746
2026-01-01 02:43:00,79.91121715350847,19.6659580334949,1.477632302579201,1.4168416196326543,1.014724618288365,850,52.679777443592045,59.3201205874536,52.632126990278955,59.39634430764626,8029.731153574132
2026-01-01 02:44:00,79.46654820744338,20.716129593736657,1.5193393085986986,1.453311689684812,0.989217267732052,850,53.76916707265235,60.1847504515624,53.97843597416508,60.34494232701227,7839.058562229184
2026-01-01 02:45:00,80.0688565728318,20.650061796439957,1.4965132505755578,1.4239210327683283,0.979871540113786,850,53.94398027151091,60.54939752980977,54.14693985372495,60.42191967337087,7897.600740549329
2026-01-01 02:46:00,80.46538294017853,19.51160353659287,1.5219881781756606,1.4465079009730042,0.9967785608101588,850,53.72447827988592,60.3424784839917,53.456254358778956,60.27668951466819,8271.264016666304
2026-01-01 02:47:00,81.05471739507648,19.543504767513983,1.5071759710075736,1.4505177125788626,0.9953658442980232,850,53.908283059195526,60.64844499020107,54.02074234727828,60.59642691495484,8365.071297739953
2026-01-01 02:48:00,79.96880718884175,20.06903432646048,1.5255629119813845,1.441942054350688,1.028010950953724,850,53.28947824724955,59.66101990996501,53.34493017288672,59.3787409981095,8371.257986272656
2026-01-01 02:49:00,79.80105483859354,19.72242839412857,1.5273980570896932,1.4492523190632862,1.0068071959200782,850,53.36399774769399,59.82932254371576,53.3663113386044,59.731701563278925,8354.653989727958
2026-01-01 02:50:00,79.43836007652523,20.22941322128571,1.50859481530591,1.4308655360419402,1.0255803942216122,850,52.89846978917576,59.26871341839098,52.927045093551925,58.98992488667389,8332.917387303314
2026-01-01 02:51:00,80.12504785746214,19.85188457616804,1.492929360952412,1.423883120557555,0.9815101896211712,850,53.55637282983546,60.264256704119525,53.43041418458512,60.386322618541875,8303.891907453566
2026-01-01 02:52:00,79.2783268527682,19.69672288320517,1.501363481450254,1.4210766713504488,0.9799791057421448,850,53.13852284578306,59.7438493151853,53.12499735785299,59.804039670919266,8264.052029308223
2026-01-01 02:53:00,80.38551322295658,18.97385584444772,1.5142692550451056,1.4488299348468996,0.9903991501672582,850,53.44443009959654,60.1653833860748,53.6917975188674,60.41758628952992,8640.535932030849
2026-01-01 02:54:00,80.20755389900184,20.116423010218146,1.437575146386144,1.3567636565361514,0.9930323539585576,850,52.85690984204111,59.71090951129093,53.040122476657,59.44914495108728,8375.75147670976
2026-01-01 02:55:00,80.24927790784317,19.21722363975271,1.5078747608318317,1.4248721216823457,0.9945496141348888,850,53.33497056974976,60.02303580195797,53.138846878530096,60.09478353776996,8694.86711184631
2026-01-01 02:56:00,79.94041637286881,19.924054829597097,1.5238734146235633,1.4366704632292149,0.9705095039662298,850,54.01979994639437,60.62405632523796,53.7335061642695,60.48461558578002,8511.053226655116
2026-01-01 02:57:00,79.77477010352946,20.39199647550145,1.5360969963652302,1.4567412801672281,0.9982023636290676,850,53.86814821683284,60.258746461391375,53.693052604681604,60.28396450117766,8623.411559838452
2026-01-01 02:58:00,81.09723944789422,20.26029300241168,1.4725519130650413,1.3899222796386874,1.014263981049816,850,53.54094762578465,60.267698370021776,53.56192318134498,60.18399877455602,8842.759484001668
2026-01-01 02:59:00,79.99509008937301,20.28077188136418,1.4859632815856474,1.4175260751832854,1.0102614183816458,850,53.1699055309808,59.73713292837268,53.44783522505065,59.768893827661756,8735.348751261714
2026-01-01 03:00:00,79.75427861986506,19.407148283981957,1.5109476922645737,1.4435301708342474,0.967768834350026,850,53.57778858110763,60.27569644529015,53.616075090843225,60.272520962315255,8715.850411856518
2026-01-01 03:01:00,80.47865159128717,19.458864526016274,1.4681170469606846,1.3968257521080694,1.0119035162814891,850,52.81770870489713,59.590656868971664,52.90024323011098,59.75478339682442,8998.759750271594
2026-01-01 03:02:00,80.56331321077906,20.517785528011945,1.486978280806118,1.4110918370802352,0.9693074789732176,850,54.20528053558293,60.95265574516165,54.5163879591609,61.18788208845553,8733.039530280657
2026-01-01 03:03:00,79.44013927871427,19.966262785423588,1.523605991549405,1.4444576783921537,0.9966336001730888,850,53.36965591689235,59.82157635879944,53.192480822969394,59.92988576514065,8899.16513532403
2026-01-01 03:04:00,80.1327474049547,20.130315448858447,1.4982379613651298,1.42812650490582,0.9979794921610472,850,53.50591972535646,60.10440743537409,53.709035454404365,60.15732327958334,8986.580485082086
2026-01-01 03:05:00,80.07840192560373,18.591565757458284,1.5108920665089816,1.4105543527306197,0.9729920833145778,850,53.3266404540076,60.13252468785831,53.12460971990001,60.05480186994309,9154.486181948421
2026-01-01 03:06:00,79.79907753114173,20.221591597047688,1.446181675618751,1.3598126197895266,1.0140568830502277,850,52.486125723103896,59.17353903911824,52.14936866045754,59.440403397161056,8994.5793572299
2026-01-01 03:07:00,79.28665238574703,19.418258585404285,1.4992023422619678,1.4140904198744852,0.998247385215548,850,52.72711254650858,59.30629127760969,52.11419173414062,59.17972744948643,9115.884748178185
2026-01-01 03:08:00,79.650192782853,19.43800175241132,1.5086517711227707,1.4260691638525145,1.0071246876028752,850,52.9243105457084,59.47281578110448,52.69687035561921,59.503295433880936,9280.157083221799
2026-01-01 03:09:00,79.73674661069346,20.441841672824584,1.4752538987272814,1.4016535413535944,1.0088748340525484,850,52.98876788345753,59.55478072981555,52.861043476357096,59.67813191784893,9130.529525429272
2026-01-01 03:10:00,79.45037161380773,19.431466946009888,1.5370304312091996,1.4587646022969505,1.00807982321119,850,53.13557578590418,59.55392654420301,53.23648554324809,59.750435805724756,9408.328929519717
2026-01-01 03:11:00,79.72294497140518,20.889935551586664,1.4926237435838916,1.388522143707622,0.99945199714949,850,53.52697901411851,60.01209538065251,53.35157866402007,59.96048118296268,9143.122768226254
2026-01-01 03:12:00,79.58107219111652,19.74265701243642,1.503433835437593,1.416680082638167,1.0176029381424556,850,52.80884147164377,59.29666772241963,52.87079542099523,59.242916591524775,9461.206654824724
2026-01-01 03:13:00,80.09358391923558,18.654532018618763,1.5018019930530309,1.410071939879133,0.965340174153664,850,53.36880703137948,60.23088434360871,53.35906593269335,59.950314045619,9483.32194289306
2026-01-01 03:14:00,79.60978331127014,19.60852055167647,1.4906513556037109,1.3885810454082814,1.0019584479989674,850,52.83312761388966,59.44516067737074,52.680883371194355,59.68071343533133,9480.048615217267
2026-01-01 03:15:00,79.20189771090989,20.586769747263823,1.4806829012453342,1.3972093600834907,1.0061802796290975,850,52.86430766862226,59.34485318932864,52.76255241499087,59.318162545209766,9309.988120196795
2026-01-01 03:16:00,80.262866458422,20.184359449478823,1.500026170601438,1.4026980891103087,1.0285474992102834,850,53.186986592048136,59.67162515456789,53.387330034944455,59.38075871739502,9745.719487230643
2026-01-01 03:17:00,80.74065114631941,20.049591776456328,1.5144232223557814,1.4276196207606289,1.059624284237371,850,53.134131770964494,59.5050427814719,53.06875239308132,59.617494527618106,10083.273840226495
2026-01-01 03:18:00,80.74037512697312,19.99070689231065,1.5191470957951545,1.4188048018510586,1.0101613782511307,850,53.85977232621256,60.41552470577349,53.84781008966597,60.40923071271807,9898.751970196288
2026-01-01 03:19:00,79.47870487215773,19.362448077847738,1.4557881321690087,1.3696743454484526,0.9932956215215102,850,52.34409654959549,59.13131437621296,52.05566715052994,59.045556131816184,9623.902820245945
2026-01-01 03:20:00,79.16572904426202,20.28304113477809,1.492768855336479,1.407784780233751,0.9474939648215992,850,53.7139971464197,60.382032898410834,53.803889013297415,60.41434284887707,9302.85650002095
2026-01-01 03:21:00,78.91831899465758,20.20378631152401,1.4867470117792194,1.3891074248181317,0.9870591355930304,850,52.88247586875168,59.4199898506734,52.62073561775398,59.2323040599415,9525.355620947492
2026-01-01 03:22:00,79.88545120715638,20.67868839265329,1.516785316598896,1.4249627198043073,0.9659214464623456,850,54.29957655834461,60.85615740091646,54.33564404796123,60.850447743980745,9597.368580537499
2026-01-01 03:23:00,79.6716070147088,19.428561840349925,1.5173698128250783,1.4157058374449156,1.0340980259415598,850,52.65540188782976,59.07042662322792,52.69947570539695,59.14740446305803,10187.983751732041
2026-01-01 03:24:00,80.36824624640188,19.95757205405689,1.4912835655621135,1.4025736308234231,1.029648529990452,850,53.01906971704247,59.56854249876677,53.117677532881935,59.43736741187049,10186.173625617463
2026-01-01 03:25:00,79.6909699134765,19.71691905714561,1.5152905224922248,1.4192126565660899,1.0266143211583203,850,52.87463268675446,59.29803614282946,52.59151631825527,59.547049694672474,10198.249839533208
2026-01-01 03:26:00,78.70744424693422,20.07032142970743,1.520492103158277,1.429949185492599,1.0039742703066463,850,52.86393886820919,59.20961713524173,53.09504746600494,59.06222999840938,9910.127239715599
2026-01-01 03:27:00,80.231630384707,20.54954146890283,1.5681580836457802,1.4780380312137658,1.020963360596903,850,54.24525998228851,60.46354659768748,54.29589285333355,60.639930461486,10327.191536929138
2026-01-01 03:28:00,79.69735755737479,19.81409659125014,1.534453020070627,1.453129088524527,0.9997443783706018,850,53.53086298767752,59.975619362273626,53.571934108097516,59.95064015585983,10224.425099263783
2026-01-01 03:29:00,80.91171622594935,20.456685342260872,1.493391696202098,1.4147402682410142,1.0081990623664867,850,53.875554351849,60.50391524662716,53.95045041640336,60.42256636040878,10330.978962151305
2026-01-01 03:30:00,79.84497949601717,19.95278899097385,1.5782146997606878,1.4771628725867205,0.9927779774762994,850,54.28055825717135,60.5924348185164,54.05274759792982,60.42652762907956,10372.842048682942
2026-01-01 03:31:00,79.36707127110242,20.00544485597904,1.4927884264569202,1.3955270391943215,0.9966373000900288,850,52.97826872147783,59.53125733618421,53.006922456020604,59.440677585654925,10175.993457359582
2026-01-01 03:32:00,79.28805813567654,18.9325073317049,1.5660655516133417,1.4789444805953809,1.0134180573091476,850,53.09049794493221,59.416388840564025,53.250001128919806,59.47060942262822,10648.368332958082
2026-01-01 03:33:00,79.2912541756782,19.594906765425904,1.5435523566211702,1.4468953840048422,1.014610992314887,850,53.10212840157401,59.43706017462236,52.965489261168045,59.476172337074004,10541.402368489013
2026-01-01 03:34:00,81.08511693487574,19.84010444682011,1.5286036987089442,1.4451349489155334,0.978268777430726,850,54.573092096035374,61.2667350046829,54.953094414384466,61.2716329497085,10617.640051671187
2026-01-01 03:35:00,79.96597369929621,20.13991941132281,1.4883921261807171,1.3868967240215528,0.9704020019596692,850,53.70499496842102,60.41872540090319,53.855271373788504,60.46118053199196,10288.288938683574
2026-01-01 03:36:00,80.03561968834029,19.77672753463948,1.4659965902483216,1.3741388751937142,0.9743999164132776,850,53.24769595915801,60.07948637658205,53.483258806942224,60.22473244563922,10384.896819775575
2026-01-01 03:37:00,79.58483094070192,19.89678427307069,1.5053321438745466,1.4292166200947454,0.9762662802334772,850,53.50081132945699,60.11645994687423,53.47624933385674,60.12224393242813,10431.409824883827
2026-01-01 03:38:00,79.200972671508,20.63051857515524,1.496847822133501,1.4073487171934314,0.98576359707556,850,53.36784700164121,59.85722365186663,52.99470202448861,60.246580730572646,10320.18591162347
2026-01-01 03:39:00,80.34036084139099,19.533522225760453,1.497915503355752,1.3920536347749497,1.0204302239920295,850,53.02602005246236,59.628938423466266,52.623267042878425,59.89192993967193,10969.7965993525
2026-01-01 03:40:00,80.04962146666314,19.87357177175176,1.4982296700247704,1.3954791448708943,0.9821343375432362,850,53.57896418060373,60.25412116811749,53.92363435226763,60.13669159910057,10681.745349634992
2026-01-01 03:41:00,78.89257571822739,19.24595878828957,1.404630506305664,1.3085415730793155,1.0391401856213394,850,50.65507700028715,57.41525747369249,50.76786560814851,57.7598075212237,10731.415619676613
2026-01-01 03:42:00,79.83517654259855,20.205165329817937,1.4240854343168272,1.3380679216004279,0.9981159245423432,850,52.44731668973755,59.281440273986846,52.58661474833378,59.31252409192816,10600.431320350966
2026-01-01 03:43:00,80.73146831609263,20.103913672837205,1.5229704305070568,1.4231634707258558,0.9953834495338963,850,54.16594252020329,60.75006895797604,54.24721131762723,60.787033929506684,11045.64729135239
2026-01-01 03:44:00,79.76625278604376,20.424847549779905,1.4694511397504086,1.3552249946567936,0.981360981438948,850,53.32536247457431,60.01639147608739,52.96066435174917,60.118771722162116,10655.05421323399
2026-01-01 03:45:00,79.61772849134934,19.916945150696144,1.45612301682033,1.3472540774772148,0.9968569885273774,850,52.62267107703248,59.34900500859173,52.8635226119529,59.196348065601086,10827.825826769025
2026-01-01 03:46:00,80.6692876950508,20.395867795927067,1.5407418147364131,1.451708441581729,1.014003747848042,850,54.2023814266627,60.61136924841865,54.1781558209093,61.032677084187675,11282.826464521291
2026-01-01 03:47:00,80.27301147685988,20.14650186293958,1.4971925421951024,1.4120594367580923,1.0043558993044894,850,53.4857785703871,60.078208702504334,53.690013462892324,59.732140119857874,11145.711230910965
2026-01-01 03:48:00,79.76665940236794,19.707888909046623,1.4952155935248916,1.384094272117973,0.9744894791799896,850,53.42502404405992,60.12538421113192,53.455100450374616,60.05972192615984,10994.052817868855
2026-01-01 03:49:00,80.36616047324947,19.702559165602533,1.4605192897491075,1.3783160368828942,0.9716167049734372,850,53.37191484705129,60.27989408324966,53.26701281506175,60.437481381550796,11053.26025284984
2026-01-01 03:50:00,79.42048401942186,19.979353949718764,1.5112862338540745,1.3910086794225143,1.021393322409114,850,52.86721913622961,59.26841410060897,53.022514509070845,58.83897083948969,11299.751977494132
2026-01-01 03:51:00,79.57725739656887,20.590792944220716,1.4424516218841497,1.3334074106516176,0.9829509791684377,850,52.93811494885189,59.682950176537446,52.91583427502362,59.747519133120086,10867.005759680993
2026-01-01 03:52:00,80.05247726186074,20.05591106623657,1.4963925093795225,1.3950932988586053,0.9860904923194684,850,53.58000028096095,60.22789991257727,53.485303268121605,60.012650214550604,11251.346786397044
2026-01-01 03:53:00,80.35069501580595,20.625945777869735,1.5062426570252885,1.4000755235139315,1.0176112350904754,850,53.663170142668505,60.12815152029065,53.82247816788605,60.204137648631296,11466.624260382989
2026-01-01 03:54:00,79.69892790993188,19.2818479637638,1.4733340352717317,1.3647674255162825,0.9544069127144345,850,53.238554825507535,60.12917181684975,53.3321401573175,60.0403443979363,11168.361507176916
2026-01-01 03:55:00,79.66165937743109,20.19796872477056,1.539046563034414,1.439136911659215,0.9745481671539654,850,54.096769232024,60.57109510142208,54.39124825576684,60.44676564088479,11319.8317891779
2026-01-01 03:56:00,80.55356092069073,20.09566383275629,1.5186509273966728,1.4154635203375079,1.0071727558837922,850,53.83912996960841,60.37663360852782,53.83899310986076,60.40828962592189,11721.74612871508
2026-01-01 03:57:00,79.78097899422959,20.05953190518257,1.4757522944097867,1.361569782354102,0.9972365327494132,850,53.01500735912443,59.66893524674597,53.11636970040525,59.199439666790276,11460.966611972166
2026-01-01 03:58:00,80.35936746224455,20.53634678973717,1.483176508427483,1.388150026171681,1.0208854415072268,850,53.29972987030045,59.84949317340868,53.37749011039959,59.58818970064807,11694.137390684831
2026-01-01 03:59:00,79.97724988202593,20.26092892627438,1.5275904743283444,1.4302617834965397,0.9795773269147424,850,54.095825513691736,60.62141527158343,53.922558599169854,60.5350587368121,11568.297189914389
